"ID","FANGM","BIEM","CHUFLY","YAOWZC","JIAJ","GONGX","ZUZ","ZHIBFF","YONGFYL","YONGYJJ","LINCYY","YAOLZY","GEJLS","BEIZ","YAOWS"
"061973","珠母补益方","","《临症见解》。","珍珠母2两，龙骨1两，酸枣仁3钱，五味子2钱，女贞子5钱，熟地5钱、白芍4钱。","","育阴潜阳，养血宁神，益肾固精。","心肝肾虚损诸证。失眠证，阴虚阳亢的高血压，阴虚火旺头痛证，癫痫病，诸痛证，瘿瘤病，瘰疬病，肝虚血少的肝炎病，盗汗证，肾虚证。","","","","","","","",""
"058958","柴胡桂枝干姜汤","柴胡桂姜汤、姜桂汤、桂姜汤、姜桂饮子、柴胡姜桂汤、柴胡桂枝汤、柴桂干姜汤","《伤寒论》。","柴胡半斤，桂枝3两（去皮），干姜2两，栝楼根4两，黄芩3两，牡蛎2两（熬），甘草2两（炙）。","","和解少阳，兼化痰饮。","伤寒4-5日，身热恶风，颈项强，胸胁满微结，渴而不呕，但头汗出，往来寒热，及牡疟、劳疟、疟久不愈者。现用于肝炎、窦性心动过速、冠心病心动过缓、月经不调、乳腺囊性增生。","","以水1斗2升，煮取6升，去滓，再煎取3升，温服1升，日3次。初服微烦，复服汗出便愈。","忌生葱、海藻、菘菜。","①郁冒《成绩录》：一农夫，年三十余，去年起，郁冒时发，有时稍吐血，盗汗，往来寒热，微渴而脐旁动悸，予本方治之而愈。②肝炎《刘渡舟医案》：刘某某，男，54岁。患肝炎而腹胀作泻，不欲饮食，胁痛及背。服药无数，效果不显。某君请余为治。脉弦而缓，舌淡苔白，此乃肝病及脾，脾阳先衰之象。为疏柴胡桂枝干姜汤：柴胡12g，黄芩4.5g，炙甘草9g，干姜9g，花粉12g，牡蛎12g。凡4服而腹胀与泻俱止，饮食较前为多，精神亦有好转。后以肝脾共调，佐以健脾利湿之品，肝功化验日趋正常而愈。③窦性心动过速《北京中医》（1988；3：19）：康某，男，20岁。半年来胸闷心悸不止，形瘦颧红，左乳下其动应衣，每入夜则身冷寒战，至后半夜身热汗出而解，昼日无寒热，脘痞纳呆，口干唇燥，舌质红，舌体略胖，苦薄白，脉弦细疾数。心电图示：窦性心动过速，心率110次／分。予柴胡桂枝干姜汤加龙骨30g，五味子10g。服药3剂后心悸大减，寒热止，纳增，脉转和缓（90次／分）。上方剂量减半，再予3剂而愈。④冠心病心动过缓《北京中医》（1988；3：19）：赵某，女，6O岁。3年前确诊为冠心病，现心中空虚怔仲，稍动作即心中（忄詹）（忄詹）大动，不能下地行走，已1月有余，曾服消心痛、活心丹等中西药不效。心电图：心率50次／分，ST段Ⅲ、Ⅴ5下移0．05。伴头昏身热，微恶寒，时自汗出，口干苦不欲饮，纳食尚好，神情郁闷，大便时溏时结。体丰，舌略红略胖，苔薄白微黄，脉迟缓。投柴胡桂姜汤加五味子6g，3剂，水煎服。药尽诸症均减，已下地活动，脉和缓（60-70次／分）。上方去五味子，加川贝10g，炒麦芽15g，继服3剂，追访至今未再发。⑤月经不调《古方便览》：一妇人，平素月经不调，其气上冲，两胁急缩，腰痛不可忍，经行之时，脐下疼痛，下如豆汁，一日或半日即止，已十余年。诊之，胸胁苦满，脐上动悸甚，予本方，服之数月，前证得愈。③乳腺囊性增生症《新医药学杂志》（1979；1：33）：王某，女，39岁。左乳房外上方有一肿块，如核桃大，肿块近处，有黄豆大数粒小肿块，右乳房中上方稍偏外侧，有一肿块如大枣状，触之有痛感，质坚硬，推之可移，边界不清，而两腋下淋巴结不肿大，诊断为乳癖（乳腺囊性增生症），给以本方，服20剂后，两侧乳房肿块全消，自觉症状消失而痊愈。3年后随访，未见复发。","①对内分泌腺的影响《药学杂志》（1980；6：602、607）：实验研究证实，本方及单味柴胡可使肾上腺与胸腺等脏器发生重量变化，特别是柴胡的有效成分柴胡皂甙可使肾上腺肥大，造成胸腺萎缩，柴胡皂甙d的作用最显著。②保肝作用《药学杂志》（1984；7：798）：实验性肝损害证实，当腹腔注射D-半乳糖胺后，分别给与本方和小柴胡汤等柴胡方剂，能抑制血清转氨酶（GPT、GOT）上升（抑制率60％）。③抗癫痫作用《生药学杂志》（1978；4：273）：本方加芍药的溶液对软体动物（蜗牛）的神经节细胞有抑制作用，实验表明有抗戊四氮（PTZ）作用，方中芍药、生姜、桂枝有与本方加芍药相同的抗PTZ作用。对小鼠听源性惊厥呈有意义的抑制，证实了在临床上抗癫痫的疗效。","①《伤寒明理论》：《内经》曰：热淫于内，以苦发之。柴胡、黄芩之苦，以解传里之邪；辛甘发散为阳，桂枝、甘草之辛甘，以散在表之邪；咸以软之，牡蛎之咸，以消胸胁之满；辛以润之，干姜之辛，以固阳虚之汗；津液不足而为渴，苦以坚之，栝楼之苦以生津液。②《古方选注》：以桂枝行太阳未罢之邪，重用柴胡、黄芩转少阳之枢，佐以干姜、甘草，开阳明之结，使以花粉，佐牡蛎深入少阴，引液上升，救三阳之热。不必治厥阴，而三阳结邪，一一皆从本经而解矣。用柴胡和少阳之阳，即用黄芩和里；用桂枝和太阳之阳，即用牡蛎和里；用干姜和阳明之阳，即用天花粉和里；使以甘草，调和阴阳，其分两阳分独重柴胡者，以正疟不离手少阳也；阴药独重于花粉者，阴亏之疟，以救液为急务也。③《金鉴》：少阳表里未解，故以柴胡桂枝合剂而主之，即小柴胡汤之变法也。去人参者，因其正气不虚；减半夏者，以其不呕，恐助燥也。加栝楼根，以其能止渴兼生津液也；倍柴胡加桂枝，以主少阳之表；加牡蛎，以软少阳之结。干姜佐桂枝，以散往来之寒；黄芩佐柴胡，以除往来之热，且可制干姜不益心烦也。诸药寒温不一，必需甘草以和之。初服微烦，药力未及；复服汗出即愈者，可知此证非汗出不解也。④《寒温条辨》：柴胡除少阳之寒热，桂枝解太阳之余邪，花粉彻阳明之渴热，干姜去胸胁之烦满，甘草调汗下之误伤，此少阳阳明两解之治法也。⑤《金匮玉函经二注》：用柴胡为君，发其郁伏之阳；佐以桂枝、干姜，散其肌表之痹；栝楼根、牡蛎为臣，除留热、消瘀血；佐以黄芩助柴胡，治半表半里；甘草以和诸药、调阴阳也。得汗则痹邪散，血热行而病愈耳。⑤《中国医学大辞典》：柴胡、桂枝、黄芩，并转少阳之枢，而达太阳之气；牡蛎则启厥阴之气，以解胸胁之结；栝楼根引水液上升，而止烦渴；汗下后，中气必虚，故用甘草理中。","柴胡桂姜汤（《金匮》卷上附方引《外台》）、姜桂汤（《全生指迷方》卷二）、桂姜汤（《三因》卷六）、姜桂饮子（《普济方》卷一九七）、柴胡姜桂汤（《玉机微义》卷九）、柴胡桂枝汤（《伤寒全生集》卷三）、柴桂干姜汤（《医原》卷下）。本方方名，《外台》引作“小柴胡汤”、“小柴胡桂姜汤”。",""
"057969","健脾补肾汤","","《古今名方》引关幼波方。","党参15g，川续断15g，白术12g，茯苓12g，白芍12g，当归12g，五味子12g，菟丝子12g，川厚朴9g，香附9g。","腹泻，加苍术、芡实、诃子肉各9g；腰腿痛，足跟痛，加牛膝、生薏苡仁、仙灵脾各12g；夜尿多，加鹿角霜、女贞子各12g；腹胀甚，加冬瓜皮12g，木香4.5g；肝区隐痛，加桑寄生15g，木瓜12g。","健脾补肾。","慢性、迁延性肝炎，早期肝硬化，肝功能长期不正常，证属脾肾两虚者。","","","","","","","",""
"056587","重型消黄汤","","《中医原著选读》引关幼波方。","茵陈90g，生石膏1两，炒知柏3钱，藿香3钱，佩兰3钱，鲜茅根1两，杏仁3钱，赤芍5钱，丹皮5钱，泽兰5钱，酒胆草5钱，六一散（包）3钱。","高烧（39度以上），或兼神昏谵语者，加服安宫牛黄散4分，分2次冲服；或加服紫雪散1钱，分2次冲服；或加服局方至宝丹1丸，分2次服。便秘者，加酒军3钱，瓜蒌5钱。退黄时茵陈的用量要大，最大可用4两，并加活血药，以加速退黄的作用。","清热利湿，活血解毒，芳香透表。","肝炎。","","","","","","","",""
"066659","清肝饮","","《常见病的中医治疗研究》。","茵陈1两，败酱草1两，金银花1两，丹皮3钱，栀子3钱，大黄3钱，枳实3钱，郁金3钱，龙胆草3钱，甘草1钱。","","","急性黄疸型肝炎。","","水煎服。","","","","","",""
"067338","清热导滞汤","","方出《中医原著选读》引关幼波方，名见《古今名方》。","川军3钱，白头翁4钱，秦皮3钱，茵陈5钱，赤芍5钱，丹皮3钱，六一散（包）4钱，马齿苋5钱，川连1钱，藿香3钱。","大便有粘液者，加焦榔3钱，山楂5钱；小便量少者，加车前子（包）3线，泽泻3钱。","清热导滞，利湿解毒。","湿热下注型肝炎。常见于迁延性慢性肝炎，谷丙转氨酶长期不降者。症见食纳正常，食后腹胀，有时伴腹痛，小便黄赤，大黄日行3至4次，但不通畅，脉沉弦滑，舌苔白腻或黄，舌质红。","","","","","","","",""
"067416","清热解郁汤","","《临证医案医方》。","龙胆草6g，丹皮9g，生地9g，白茅根15g，赤芍9g，白芍9g，银柴胡9g，金银花9g，连翘9g，山栀9g，竹叶6g，枳壳6g，郁金9g。","","清热凉血，舒肝解郁。","慢性肝炎郁热型。肝区痛，有热感，五心烦热，舌尖红，脉弦微数。","","","","","","方中用生地、丹皮、茅根、赤芍凉血清热；山栀、竹叶引热下行；金银花、连翘清热，散热结；郁金、枳壳疏肝理气解郁，郁解则热除；银柴胡可清虚热，有调节少阳的作用，可使血分之热邪转到气分而解。诸药配伍，共奏清热凉血，疏肝解郁之功。","",""
"067319","清热平肝汤","","方出《中医原著选读》引关幼波方，名见《古今名方》。","茵陈5钱，醋柴胡3钱，酒胆草3钱，小蓟5钱，赤芍4钱，丹皮4钱，石见穿5钱，白矾1钱，郁金3钱，泽兰1钱半。","厌油者，加藿香3钱，佩兰3钱；胆固醇高者，加山楂5钱，草决明5钱；大便干者，加酒军3钱；小便黄者，加六一散（包）4钱。","清热平肝，凉血解毒。","肝胆湿热型：多见于迁延性慢性肝炎、脂肪肝或合并胆道感染，谷丙转氨酶长期不降或胆固醇增高者。症见口干口苦，两胁持续作痛，小便黄赤，大便干燥，身体日见增胖，胃腹作胀，有时烦躁，脉弦滑，舌苔白腻或黄厚，舌质红。","","","","","","","",""
"067320","清热平肝汤","","《眼科临症笔记》。","葛花5钱，黄芩3钱，栀子4钱，麦芽3钱（炒），车前子3钱（外包），神曲3钱（炒），鳖甲3钱，当归3钱，白芍3钱，茵陈8钱，西滑石3钱，甘草1钱。","","","目睛通黄症（黄疸性肝炎眼部症状）。两眼不疼不红，目珠变黄色，视力稍减。","","水煎服。","","","","","",""
"072327","黄疸汤","","《临证医案医方》。","茵陈30g，山栀9g，金银花15g，连翘15g，败酱草15g，板蓝根15g，赤芍9g，白芍9g，柴胡6g，神曲15g，苏梗6g，桔梗6g，大豆黄卷15g。","","清热利湿退黄。","急性黄疸型肝炎（阳黄）。巩膜黄染，周身皮肤发黄，小便黄赤，舌苔黄腻，脉弦数。","","","","","","茵陈清热利湿退黄，大豆黄卷解湿热退黄，金银花、连翘、板兰根、败酱草、山栀清热解毒，苏梗、桔梗、柴胡舒肝理气，神曲发酵协助退黄，芍药柔肝养阴与柴胡配伍应用，为治疗肝胆疾患的要药。","",""
"073091","滋补肝肾汤","","《古今名方》第四章引关幼波方。","北沙参15g，白芍15g，川断15g，菟丝子15g，女贞子15g，五味子12g，首乌12g，黄精12g，当归12g，生甘草9g。","若腰痛甚，加狗脊、桑寄生各15g；盗汗多，加生牡蛎、生龙骨、浮小麦各15g，乌梅9g；失眠重，加远志、百合各12g；梦遗滑精，加芡实、补骨脂、诃子肉各12g；肝区痛重，加草河车9g，黄连4.5g。","滋补肝肾。","慢性迁延性肝炎，肝功能长期不正常，证属肝肾阴虚型者。症见腰腿i软无力，劳累则肝区痛，睡眠多梦，精神疲倦，头晕目眩，有时盗汗，舌净无苔或舌质稍红，脉沉细弦。","","","","","","","",""
"074791","滋阴养血汤","","《临证医案医方》。","生地9g，熟地9g，当归身9g，阿胶珠12g，白芍9g，首乌9g，枸杞子12g，炒枣仁12g，柏子仁9g，天冬9g，麦冬9g，鳖甲9g，龟版9g，甘草3g。","","滋阴养血。","慢性肝炎（阴虚型）。头晕心悸，五心烦热，或易怒神疲，肝区隐痛，舌质淡，少苔，脉细弦或细数。","","","","","","方中用龟版、鳖甲、生地、天冬、麦冬等滋阴；用熟地、当归身、阿胶珠、白芍、首乌、枸杞子等以养血；用柏子仁，炒枣仁以治心悸不安，甘草调和诸药。全方配伍，共起到滋阴养血的作用。","",""
"077566","慢肝六味饮","","《千家妙方》。","太子参15g，茯苓15g，白术12g，川萆Z10g，黄皮树叶15g，甘草5g。","","健脾补气，扶土抑木。","慢性肝炎。","","每日1剂，水煎服。","","华某，女，40岁，干部。患无黄疸型传染性肝炎已一年余，不能坚持工作已数月。症见怠倦，胃纳差，胁痛，面色黄滞，唇淡，舌淡嫩，苔白厚，脉弦，肝大2.5cm，谷丙转氨酶500单位。给予服用慢肝六味饮，加扁豆12g。服药半个月后，胁痛减，精神见好，胃纳增，仍怠倦。去黄皮树叶，再进半月，谷丙转氨酶降至200单位。照上方加减服药3个月，检查正常，坚持又用药半年使疗效巩固。随访五年余，未见复发。","","","",""
"077582","慢性肝炎丸","","《北京市中成药规范》。","板蓝根50斤，甘草20斤，茵陈50斤。","","清肝消胀。","慢性肝炎，迁延性肝炎，周身无力，食欲不振，腹胀，肝区疼痛。","将药材加工洁净，取甘草、板蓝根10斤，煮提三次，时间分别为3小时、2小时、1小时；茵陈热浸二次，时间分别为2小时、1小时。合并以上药液，过滤沉淀，减压浓缩至比重1.4～1.5，温度（50℃）的稠膏。取板蓝根40斤，粉碎成细粉，过100目筛。制丸：将稠膏加入老蜜（120℃，为原粉量的一倍），趁热与药粉混合均匀，调成适宜稠度，制成小丸，待凉后用干酪素上衣即可。上衣：取干酵素100g，加3～4倍水，水浴加热，边搅边加入饱和碳酸钠溶液10～15毫升，调节pH7.5～8，过滤后再加入少量乙醇调至适当浓度即得。包糖衣。","每服15-20粒，温开水送下，1日2次。","忌各种酒类。","","","","",""
"078651","舒肝和胃汤","","《中医原著选读》引关幼波方。","旋覆花3钱，生赭石3钱，藿香3钱，佩兰3钱，焦白术3钱，酒芩3钱，白芍4钱，当归3钱，草蔻2钱，香附3钱。","若脘腹胀甚者，加沉香末5分（分次冲服）；两胁窜痛甚者，加木瓜4钱，延胡索3钱；大便于者，加瓜蒌4钱，焦四仙1两；纳少体虚，加党参5钱，云苓4钱。","舒肝和胃，养血柔肝。","慢性、迁延性肝炎，转氨酶长期不降，证属肝胃不和型者。症见恶心欲吐，呃逆嗳气，食后胃脘胀闷，有时胃痛，两胁窜痛，厌油，大便时干时稀，脉弦滑，舌苔白或黄。","","","","","","","",""
"078656","舒肝理气汤","","《临证医案医方》。","青橘叶9g，青皮9g，陈皮9g，枳壳9g，厚朴花6g，香附9g，苏梗6g，赤芍9g，白芍9g，柴胡6g，郁金9g，甘草3g。","","舒肝，理气，止痛。","慢性肝炎属气滞型。两胁窜痛，肝区脘腹胀满，舌苔白，脉弦。","","","","","","青橘叶、青皮走两胁，入肝胆，可舒肝理气；陈皮、枳壳、桔梗为一组常用理气药，善理中焦及两胁气滞；桔梗性升，枳壳性降，一升一降，气机通调，疼痛可止；芍药、柴胡柔肝舒肝，二药配合，一辛一酸，一舒一敛，一刚一柔，伍用甚妙，为治疗肝胆疾患的要药，临床可用于肝胆疾患的始终，柴胡又为肝胆经的引经药，可引诸药直达病所；郁金理血中之气，解郁止痛；芍药、甘草柔养缓急；厚朴花、香附、苏梗理气止痛。","",""
"051621","活血祛瘀汤","","《临证医案医方》。","丹参30g，当归9g，赤芍9g，鸡血藤15g，桃仁6g，玄胡9g，郁金9g，三七3g（研），香附9g，枳壳6g，广木香6g，甘草3g。","","活血，化瘀，止疼。","慢性肝炎（血瘀型），肝区刺痛，痛处不移，舌质紫，脉细涩。","","","","","","","",""
"049752","复肝丸","","《黑龙江省中草药制剂汇编》（第一集）。","胆草5kg，黄耆5kg，鸡血藤5kg，红花5kg，当归5kg，炼蜜8kg。","","活血化瘀，消炎解毒。","肝炎，肝硬化。","取红花、当归为细末；再取黄耆、胆草、鸡血藤置煎煮锅中煎煮2次，首次2小时，第2次1小时，合并煎液滤过，浓缩成稠膏状，与上末混合搅匀，烘干后粉碎过筛（应小于一百目），加炼蜜混合均匀，使柔软滋润，搓条为丸，烘干包装，丸重2钱。","每次1丸，1日2-3次。","","","","","",""
"049715","复方垂盆草糖浆","","《新医学》1974；（7）：324。","鲜垂盆草125g，平地木31g，蔗糖适量。","","降转氨酶。","慢性迁延性肝炎。","","水煎，制成糖浆100毫升。分2次服（1日量）。","","","","","",""
"042767","和肝散","","《千家妙方》卷下引马荫笃方。","全瓜蒌60g，广郁金15g，片姜黄15g，神曲15g，生甘草15g。","","清热化郁，健脾和肝。","小儿黄疽型肝炎属湿热熏蒸，胆汁外溢者。","共研细粉。","3岁小儿每服2g（可随年龄大小而增减），1日3-4次，白糖开水冲服。","","","","","",""
"042413","参茸王浆","","吉林省通化百山制药三厂方。","人参、鹿茸。","","滋补强壮。","神经衰弱，四肢无力，肝炎、贫血、骨折。","制成口服液，每支10毫升。","每日早、晚各服1支。","","","","","",""
"039872","肝病复原丹","","《赵心波儿科临床经验选编》。","银柴胡60g，川朴60g，木香30g，香附90g，桃仁60g，当归120g，三棱30g，莪术30g，姜黄90g，延胡索60g，红花30g。","","逐湿化浊，解毒化瘀，消肝脾肿，恢复肝功。","肝炎缠绵不愈，胸闷腹胀，肝脾肿大，恶心纳差，胁痛。","上为细末，炼蜜为丸，丸重10g。","青年和成人服用适宜，每服1丸，1日2次。","","","","","",""
"038544","肝炎冲剂","","《常见病的中医治疗研究》。","柴胡9g，当归9g，赤芍9g，白芍9g，陈皮9g，枳壳9g，郁金9g，香附12g，丹参15g，玄参15g，茵陈30g，板蓝根30g，败酱草30g。","","疏肝解郁，清热解毒。","传染性无黄疸型肝炎。","","","","","","","",""
"034719","补气养血汤","","《中医原著选读》引关幼波方（见《古今名方》）。","生黄耆15g，首乌15g，白芍15g，川续断15g，当归12g，丹参12g，黄精12g，生地12g，五味子12g，生甘草9g。","转氨酶长期不降，舌质红者，加土茯苓15g、大枣10枚，或土贝母15g；舌质淡者，加白芷9g；麝香草酚浊度试验和麝香草酚絮状试验长期不正常者，每日加服河车大造丸1丸；血浆蛋白倒置者，加龟版、鳖甲各12g；肝肿大，加延胡索、草河车、泽兰各9g；脾肿大，加生牡蛎15g、地龙9g；食欲不振，加山楂、白术各9g；牙出血，加小蓟、血余炭各12g。","补气养血柔肝。","慢性迁延性肝炎、早期肝硬化、肝功能长期不正常，证属气血两虚者。","","","","","","","",""
"030538","行气活血汤","","《古今名方》引关幼波方。","葛根9g，草河车9g，白芷9g，郁金9g，枳壳9g，生甘草9g，红花15g，泽兰15g，赤芍12g，白芍12g，五味子12g。","若气短心悸，加生黄耆15g；纳少腹胀，加党参15g，白术9g，焦山楂、麦芽、神曲各12g；有瘀斑，舌质绛者，加石见穿、蒲公英各15g；肝脾肿大不消，加王不留行、生牡蛎、地龙各12g；肝痛不止，加没药、五灵脂各9g。","舒肝理气，活血化瘀。","慢性肝炎，早期肝硬化，长期肝功能不正常，证属气滞血瘀型者。","","","","","","","",""
"023184","决明子粥","","《药粥疗法》引《粥谱》。","炒决明子10-15g，粳米60g，冰糖少许或加白菊花10g。","","清肝，明目，通便。","目赤肿痛，怕光多泪，头痛头晕，高血压病，高血脂症，肝炎，习惯性大便秘结。","","先把决明子放火锅内炒，至微有香气取出，待冷后煎汁，或与白菊花同煎取汁，去滓，放入粳米煮粥。","","","","","",""
"016868","四逆散","","《伤寒论》。","甘草10分（炙），枳实10分（破，水渍，炙干），柴胡10分，芍药10分。","悸者，加桂枝5分；腹中痛者，加附子1枚（炮令坼）；泄利下重者，先以水5升，煮薤白3升，煮取3升，去滓，以散3方寸匕，纳汤中，煮取1升半，分温再服。","透解郁热，疏肝理脾，调和胃气，和解表里。","少阴病，寒邪变热传里，腹中痛，小便不利，泄利下重，四肢厥逆；及肝脾不和，胸腹疼痛，泄利下重等。现常用于急慢性肝炎、急慢性胆囊炎、胆石症、胆道蛔虫症、慢性胃炎、胃溃疡、胃肠神经官能症、胰腺炎、阑尾炎、肋间神经痛及妇女月经不调、痛经、盆腔炎等属于肝郁气滞，肝脾失调者。","上为末。","每服方寸匕，白饮和服，日3次。","阴证厥逆上过于肘，下过于膝，乃不当用；如属寒厥的四肢不温不宜用，肝阴虚或中气虚寒者亦不宜用。","1.热厥：祝某，始周身骨节疼，胸腹胀满，目闭肢厥，爪甲青紫，医以伤寒治之，7日昏沉弗效。此得之怒火与痰相搏，予四逆散加芩、连泻三焦火而愈。《伤寒论译释》：诊得六脉举之有似沉细，按之数大有力，察其面青肢冷，爪甲鲜红，此火极似水，真阳证也。暂拟四逆散1服，继以大剂寒凉为合法也。春柴胡3钱，赤芍1钱5分，麸炒枳实1钱，甘草1钱。《广东医学》（1965；2：25）：龚某某，女，83岁。发热5天，头昏痛，口干苦，渴饮，大便3天未行，小便色红而短，昏眩不能起床，四肢冰冷，体温38.3℃，苔白厚，脉弦有力。属热厥。年事虽高，仍须解郁泄热，使邪去正复，厥逆自回。方用四逆散加味：柴胡2钱，白芍2钱，枳实2钱，甘草2钱，甘菊花4钱，黄芩3钱。翌晨来诊，体温已正常（36.8℃）。
2.热厥腹痛：梁某，女，22岁。1965年6月20日初诊：腹痛急暴，喜按，面色青，手足欠温，怕冷，脘腹胀满，嗳气、矢气则痛减，肠鸣，便溏，小便清利，舌苔薄白，脉沉细略弦。此为肝气不疏，气滞则血凝，气血不行，故面青、肢冷；气机不畅，则脘腹胀满，暴痛；因无食滞痞块，故喜按。治宜疏肝理气。处方：柴胡4.5g，白芍12g、枳实9g、炙甘草4.5g、木香（后下）3g、砂仁4.5g。连服2剂，腹痛消除。
3.慢性阑尾炎：果某某，女性，44岁，家庭妇女，1962年9月19日初诊。自2月前发现右下腹髂窝处作痛，每于过劳或紧张时疼痛发作，曾于某某医院诊为“慢性阑尾炎”。此次疼痛发作两天，呈交替性胀痛与牵引疼，己两天未能缓解，但无恶心呕吐。食欲睡眠二便均可，既往无其他病史。舌质正常，苔白，脉沉弦。心肺无异常。下腹回盲部明显压痛，但无抵抗紧张。证属肝气郁结，阳郁于里，不能宣达，拟舒肝和胃为治，用四逆散倍芍药。柴胡12g、枳壳6g、芍药18g、甘草6g。服下首剂之后，于右髂窝处有痛热感，翌日疼痛减轻大半，服药2剂疼痛消失，劳动亦未再发，惟偶而稍有似痛非痛之感，服药3剂后，疼痛消失未发，脉象弦消失转弱，嘱将前方隔日服1剂，服用7剂，以巩固疗效。至10月4日复查，诸自觉症状消失未复发，脉沉而缓和，遂将前方7剂共为细末，早、晚各服10g，为善后处理。
4.胆道蛔虫症：用本方加乌梅、川楝治疗胆道蛔虫51例，全部治愈出院。作者指出，本方用于木郁土壅之四肢厥逆，咳、悸、小便不利，腹中痛，泄利下重的少阴证，取柴胡升阳达表，疏肝利胆，冀其奥狄氏括约肌松驰；得芍药之酸甘能柔肝缓急而止痛；更配梅、楝之酸苦驱退蛔虫；又助枳实宽中下气，使蛔虫从大便排出。","①对心脏功能的影响《仲景学说研究与临床》（1985；l ：35）：本方对麻醉猫有显著的升压作用，对心脏泵功能的影响，主要是通过增加心室舒张时心肌纤维收缩成份延长的最大速度和增加后负荷来实现的，与去甲肾上腺素作用类似，但强度较弱，作用持续时间较长。 《仲景学说研究与临床》（1985；1：40）：四逆散水醇沉液的抗心律失常作用及其对心电图的影响：小鼠静注1.5g／kg，可明显延长P一R间期；2.Og／kg使心率减慢，并能对抗乌头碱诱发的大鼠心律失常；4.Og／kg引起I°房室传导阻滞；4.5g／kg可致T波高耸显著（P＜0.05）。腹腔注射四逆散水醇沉液15g／kg，也能降低氯仿诱发的小鼠室颤率。②对免疫功能的影响《仲景学说研究与临床》（1985；1：52）：本方水醇沉液对小鼠腹腔巨噬细胞的吞噬机能有较明显的促进作用。认为其所以能治疗阑尾脓肿和急性胆囊炎，可能与其增加机体防御机能有关。③解痉作用《仲景学说研究与临床》（1985；1：52）：本方水醇沉液对离体兔肠呈抑制作用，临床用于治疗急腹症及消化道疾病，可能与其解痉作用有关。此外，还有对抗乙酰胆碱及氯化钡所致的肠痉挛作用。④毒性试验《辽宁中医杂志》（1986；7：41）：静脉连续注射四逆散水醇沉液，研究对实验动物心脏的毒性作用。在低浓度时抗休克、升压和抗心律失常作用均显著，对心、肝、肾、脾、肺皆无毒性作用。但随浓度的升高（7.Og／kg），家兔不仅出现房室传导阻滞，同时心率减慢，S一T段下移。认为对伴有传导阻滞的休克病人应慎用，并密切观察心电图的改变。","1.《注解伤寒论》：四逆散以散传阴之热也。《内经》曰，热淫干内，佐以甘苦，以酸收之，以苦发之。枳实、甘草之甘苦，以泄里热；芍药之酸，以收阴气；柴胡之苦，以发表热。
2.《金镜内台方义》：四逆为传经之邪，自阳热已退，邪气不散，将若传阴而未入也。此只属阳，故与凉剂以治之。用甘草为君，以和其中，而行其四末；以枳实为臣，而行结滞；以芍药为佐，而行荣气；以柴胡为使，而通散表里之邪也。
3.《医学入门》：以邪渐入深，则手足渐冷，是以枳实之苦，佐甘草以泻里热；芍药之酸，以收阴气；柴胡之苦，以发表热。经曰：热淫之内，以酸收之，以苦发之是也。如咳者，肺寒气逆，下痢者，肺与大肠为表里，加五味子以收逆气，干姜以散肺寒；悸者，气虚而不能通行，心下筑筑然悸动，加桂枝以通阳气；小便不利，加茯苓以淡渗之；里虚腹痛，加附子以补虚；泄利后重，下焦气滞也，加薤白以泄气滞。
4.《医方考》：此阳邪传至少阴，里有结热，则阳气不能交接于四末，故四逆而不温。用枳实，所以破结气而除里热；用柴胡，所以升发真阳而回四逆；甘草和其不调之气；芍药收其失位之阴。
5.《张氏医通》：柴胡为来路之引经，亦藉以为去路之向导；用枳实者，扫除中道，以修整正气复回之路也。夫阴为阳扰，阳被阴埋，舍和别无良法，故又需芍药以和其营，甘草以和其胃，胃气和而真阳敷布，假证愈而厥逆自除。
6.《伤寒论三注》周扬俊：少阴至于四逆，热深而厥亦深矣。热邪内入，欲其散，非苦寒如柴胡不足以升散也；欲其泄，非苦降如枳实不足以下泄也。且阳邪入则必至于劫阴，故欲其收，非酸寒如白芍不足以收之也；合甘草以和中。仍是二味祛邪，二味辅正，无偏多偏少于其间者，邪正各为治也。
7.《伤寒大白》：本是阳症，因热邪内传阴经而厥冷，故以柴胡、白芍药疏通肝胆，伸阳气外达，则肝主四末而四肢自暖。又以枳实、甘草疏通阳明里气，伸胃阳外布，则胃主手足而手足自温。
8.《成方便读》：以柴胡自阴而达阳，邪自表而里者，仍自里而出表，使无形之邪，以此解散。然邪既自表而里，未免有形之痰食留恋。其邪结不开，邪终不能尽彻。故以枳实破结除痰，与柴胡一表一里，各得其宜。而以芍药甘草，护阴和中，相需相济，自然邪散厥回耳。","",""
"009915","五味子蜜丸","","《新医药学杂志》(1973；9)。","北五味子（陕西产，烘干或阴干）。","","降转氨酶，改善肝功能。","传染性肝炎。","上为细末，炼蜜为丸，每丸含生药6g。","成人每次服0.5～1丸(相当于生药1至2钱)。每天3次，1个月为1疗程。小儿剂量减半。谷丙转氨酶值降至正常后，可酌情减半量服用。对个别疗效不明显的病例，亦可加大剂量，每次可服1.5～2丸(相当于生药3至4钱)。","","","","","",""
"003990","三仁汤","","《温病条辨》卷一。","杏仁5钱，飞滑石6钱，白通草2钱，白蔻仁2钱，竹叶2钱，厚朴2钱，生薏仁6钱，半夏5钱。","","宣化畅中，清热利湿。芳香化浊，通阳利湿。","湿温初起，邪在气分，湿热互结，留恋三焦，及暑湿初起，头痛恶寒，身重疼痛，面色淡黄，胸闷不饥，午后身热，口不渴或渴不欲饮之湿重于热者。现用于急性黄疸型肝炎，急性肾炎、肾盂肾炎，及伤寒、副伤寒之属于湿热为患者。头痛恶寒，身重疼痛，舌白不渴，脉弦细而濡，面色淡黄，胸闷不饥，午后身热，状若阴虚，病难速已，名曰湿温。湿温邪在中焦，亦照顾上下两焦。湿温初起，湿热互结，而湿重于热者。湿温初起，邪留气分，未曾化燥，湿胜热微，及暑温挟湿。","","甘澜水8碗，煮取3碗，每服1碗，1日3次。","若湿已化燥者，不宜使用。","1.湿温：张某某，男，35岁，工人。身热，午后尤甚，时有汗出，身困无力，胸闷纳呆，心烦少寐，口渴不欲饮，舌红苔黄腻，脉滑数，此乃湿热交阻，治以芳香化湿，佐以清热，投三仁汤加减：杏仁12g，白蔻仁10g、生薏仁15g、滑石30g、半夏12g、竹叶15g、香薷10g、银柴胡12g、连翘20g、车前草20g，陈皮12g，6剂而愈。
2.伤寒、副伤寒：以三仁汤加减治疗伤寒31例，副伤寒6例。其中初期13例，极期22例，缓解期1例，并发肠穿孔中转手术者1例。证属湿重于热者，选加藿香、法半夏；热重于湿者，选加生石膏、知母、黄连；湿热并重者，选加柴胡、黄芩、连翘。大部分病例于服药后2-3天体温下降，5天体温正常，消化道症状也相应改善。
3.急性黄疸型肝炎：以三仁汤加味治疗急性黄疸型肝炎72例，其中男45例，女27例，年龄3～68岁，黄疸指数12～150，30以上者39例；谷丙转氨酶57～200以上，200以上者51例，以本方加丹参10g，秦艽6g，茵陈15g、虎杖15g，重症剂量加倍，儿童用量酌减，疗程最短17天，最长49天，平均24.2天，痊愈64例（症状消失，肝功能正常），显效7例（症状消失，谷丙转氨酶或黄疸指数一项正常），无效1例。
4.肾盂肾炎：用三仁汤加减治疗肾盂肾炎15例，其中急性9例，慢性而急性发作6例。症状表现多有腰痛、尿频、尿急，尿道热痛，口干不欲饮，胸闷不饥，或恶寒发热，身重疼痛，舌苔白腻或黄腻，脉象濡数或濡缓；尿常规化验，15例均有不同程度的蛋白、脓细胞及红血球，尿培养致病菌均为阳性。根据湿重、热重等症情随症加味，每日一剂，煎取浓汁200毫升左右，分二次服。经治疗痊愈5例，临床治愈7例，好转3例，症状消失时间平均为6.4天，尿菌转阴时间平均为26.6天，
5.急性肾炎：许某某，男，8岁。半月前因发寒热，咽痛咳嗽，治疗后外感已除，但晨起面目浮肿，尿少，神疲乏力，纳食不佳，面色苍白少华，舌质正红，苔白而腻，脉来沉缓，尿检蛋白（＋＋＋），红细胞（＋＋），颗粒管型（＋），治以三仁汤加赤小豆30g，茯苓皮15g，每日1剂，服3剂后病情好转；惟虑其正气虚弱，增入黄耆克，再服三剂，浮肿全消，舌脉正常，尿检均呈阴性。","","1.《温病条辨》：湿为阴邪，自长夏而来，其来有渐，且其性氤氲粘腻，非若寒邪之一汗而解，温热之一凉则退，故难速已。世医不知其为湿温，见其头痛恶寒身重疼痛也，以为伤寒而汗之，汗伤心阳，湿随辛温发表之药蒸腾上逆，内蒙心窍则神昏，上蒙清窍则耳聋目瞑不言，见其中满不饥，以为停滞而大下之，，误下伤阴，而重抑脾阳之升，脾气转陷，湿邪乘势内渍，故洞泄。见其午后身热，以为阴虚而用柔药润之，湿为胶滞阴邪，再加柔润阴药，二阴相合，同气相求，遂有锢结而不可解之势。惟以三仁汤轻开上焦肺气，盖肺主一身之气，气化则湿亦化也。
2.《中医热病论》：本方用杏仁宣肺利气以化湿，蔻仁、厚朴、半夏芳化理气以燥湿，通草、苡仁、滑石淡渗利湿，竹叶以透热于外，合而共奏宣畅气机，清热利湿之效。","本方改为合剂，名“三仁合剂”（见《中药制剂汇编》）。",""
"003369","十三味榜嘎散","","《中国药典》一部。","榜嘎38g，波棱瓜子20g，麻花，秦艽花70g，迭达30g，直立紫堇42g，苦菜70g，洪连40g，三棵针皮50g，柴胡草100g，甘青青蓝100g，五灵脂膏40g，细叶白前子34g，红景天83g。","","清肝热，退黄疸。","黄疸型肝炎，胆囊炎。","上为细末，过筛，混匀即得。","口服，每次1～1．5g，1日2次。","","","","","",""
"000186","一贯煎","","《续名医类案》卷十八。","北沙参、麦冬、地黄、当归、杞子、川楝。","口苦而燥者，加酒连。","滋阴舒肝。养肝血，滋肝阴，泄肝气。滋阴充液，疏肝调气。补肝肾之阴，佐以疏肝。","肝肾阴虚气郁，胸胁脘腹胀痛，吞酸吐苦，咽干口燥，及疝气瘕聚，舌红少苔，脉弦细而数。现用于慢性肝炎。胁痛，吞酸，吐酸，疝瘕，一切肝病，肝肾阴虚，气滞不运，胁肋攻痛，胸腹(月真)胀，脉反细弱，或虚弦，舌无津液，喉嗌干燥者；肝肾阴虚而腿膝姨郏足软无力，或环跳、髀枢、足跟掣痛者。亦治痢后风及鹤膝、附骨、环跳诸证。慢性肝炎。","","","兼有停痰积饮，舌苔浊垢，无阴虚征象者忌用；此方下舌无津液四字最宜注意，如其舌苔浊垢，即非所宜；凡属气、血、火、食、痰、湿诸郁，不兼阴虚者忌用；本方滋腻之药较多，对于兼有停痰积饮者，不宜使用。","1.疝气：鲍二官，六七岁时，忽腹痛发热，夜则痛热尤甚，或谓风寒，发散之不效；又谓生冷，消导之不效。诊之面洁白，微有青气。按其虚里，则筑筑然跳动；问其痛，云在少腹；验其囊，则两睾丸无有。曰：此疝痛也。与生地、甘杞、沙参、麦冬、川楝、米仁，二剂痊愈。
2.慢性肝炎：礼某，女，40岁。患慢性肝炎数年，肝功能反复不正常，症状表现时轻时重，每遇劳累后加剧，经年服中药、西药，始终不愈。就诊时肝区隐痛，腹胀，食欲不振，失眠多梦，全身乏力，下午下肢轻度泛肿，自觉发热，有时午后低烧，月经量少，舌红苔少，脉沉细少数。肝肋下可及，有触痛，质中等。蛋白电泳r25%。辨证为肝肾阴虚有热。予一贯煎加丹参30g，活血、行血、凉血，祛瘀生新，以通为补，患者服二十六剂后症状完全消失。复查肝功，电泳均正常。恢复工作，随访一年未见复发。","","1.《中风亿埂罚盒怖哒屯矗脘腹w撑，多是肝气不疏，刚水恣肆为病。治标之法，每用香燥破气，轻病得之，往往有效。然燥必伤阴，液愈虚而气愈滞，势必渐发渐剧，而香药、气药不足恃矣。若脉虚舌燥，津液已伤者，则行气之药尤为鸩毒。柳洲此方，虽是从固本丸，集灵膏二方脱化而来，独加一味川楝，以调肝气之横逆，顺其条达之性，是为涵养肝阴第一良药，凡血液不充，络脉窒滞，肝胆不驯，而变生诸病者，皆可用之。
2.《中医杂志》（1963；10：18）：一贯煎方剂组织缜密，配伍精当，它的唯一特点是以脏腑制化关系来作为遣药立法的依据。本方主治是肝病，肾为肝之母，滋水即能生木，以柔其刚悍之性，故以地黄、杞子滋水益肾为君。肺主一身之气，肺气清肃，则治节有权，诸脏皆滋其灌溉，而且养金即能制木，以平其横逆之威；胃为阳上，本受木克，但土旺则不受其侮，故以沙参、麦冬清肺益胃，二者为臣。当归入肝，补血活血，而辛香善于走散，乃血中气药，故用以为佐。更加一味川楝，泄肝通络，条达气机，故用以为佐。合为滋水涵木，疏土养金的良方。
3.《方剂学》：方中重用生地为君，滋阴养血以补肝肾。以沙参、麦冬、当归、枸杞子为臣，配合君药滋阴养血生津以柔肝。更用少量川楝子疏泄肝气为佐使。共奏滋阴柔肝以代疏肝之功。其中川楝子性味苦寒，虽有苦燥伤阴之说，但若配在滋阴养血的方药中，却无伤阴之害，而这正是本方有别于以理气疏肝为主的诸方的不同之点，本方与逍遥散同治肝郁胁痛，但两方证候各不相同。逍遥散以情志不遂而肝气滞郁，引起胁痛；且以肝逆而乘脾，兼现神倦食少，故以疏肝解郁，健脾养血为治。一贯煎则以肝阴不足，气郁生热，而致胁痛；且以郁热不散而犯胃，兼现吞酸吐苦，故以滋养肝肾，疏泄肝气立法。","",""
"000347","乙癸丸","","《吴少怀医案》。","巴戟天、山萸肉、炒山药、茯苓、丹皮、沙参、麦冬、砂仁、黄柏、菟丝子、泽泻、炙甘草各适量。","右胁隐痛，腹胀不已，去黄柏、砂仁、菟丝子、丹皮、炙甘草，加白芍、木瓜、鸡内金、香附、炒麦芽。","补肾养肝，健脾祛湿。","病毒性肝炎恢复期，或肝硬化腹水消失后脾肾两虚者。","上为细末，炼蜜为丸，如梧桐子大。","每服30丸。","","肝硬化腹水：张某，男，33岁。患者1963年11月患肝硬化腹水，曾住院治疗，腹水渐少，但肝大右胁下4公分，脾大左胁下8公分，中等硬度，脘腹胀，两胁隐痛，胃纳不香，口干少饮，大使溏，每日二至三次，小便尚可，面色苍褐，形体消瘦，舌苔白，脉沉细弱。证属脾肾两虚，肝失所养，气结血瘀，升降失调，乃致痞积，正气已伤。治宜健脾补肾，调气和肝，佐以软坚。拟乙癸丸加减，服药三剂，脘腹舒适，胃纳增加，大便成形。虑脾肾两弱，难以速复，拟加丸剂缓图。共服丸药三料，面色转红润，诸症消失，复查肝脾，胁下可触及，恢复轻工作。","","","",""
